56,55,55,55
55,56,55,57
55,60,55,59
54,63,55,63
36,58,36,61
36,60,36,56
37,55,36,59
36,62,37,62
37,63,37,53
38,51,37,51
37,62,38,49
38,48,36,54
37,49,38,47
36,52,37,48
47,41,43,41
38,42,39,42
48,42,44,41
37,44,40,42
49,42,41,41
53,43,37,43
48,41,52,43
54,43,41,42
46,41,42,41
56,43,55,42
55,41,55,40
49,42,56,43
49,41,52,42
51,41,50,41
53,41,56,41
58,55,57,55
52,56,59,55
60,55,61,55
61,54,54,56
63,54,56,56
57,56,65,54
61,56,59,56
62,56,63,56
65,55,64,55
60,37,63,36
62,36,59,38
73,39,63,36
59,37,63,35
73,41,64,35
60,36,64,34
74,40,65,33
63,34,66,33
66,32,68,27
76,40,69,27
71,45,65,32
70,28,71,44
67,31,71,43
68,30,72,43
72,28,73,42
70,29,69,29
74,41,76,41
88,25,83,18
79,16,80,16
87,23,90,27
79,15,89,26
82,17,87,22
85,19,84,19
77,15,86,22
83,18,80,16
90,29,90,28
83,18,89,28
85,20,81,16
75,13,76,14
87,24,78,14
83,17,86,23
79,15,85,21
77,13,80,15
74,11,79,14
73,11,73,12
76,12,72,12
71,12,70,12
74,11,64,19
64,18,69,12
68,12,72,11
78,12,71,11
67,12,77,12
77,11,70,11
76,11,66,13
69,11,75,11
68,11,67,11
59,18,59,17
65,18,64,18
58,19,59,19
58,18,59,20
64,18,65,15
59,17,59,17
68,28,59,17
68,28,58,18
72,29,64,17
68,28,59,16
71,28,66,16
65,17,65,11
60,16,59,16
60,15,64,18
63,18,62,18
63,17,67,17
62,17,61,17
60,17,57,18
55,18,56,18
56,17,53,17
55,17,54,17
52,11,53,11
51,11,50,11
42,12,43,12
44,11,36,21
37,24,52,12
41,12,53,12
37,27,46,11
37,26,36,22
53,13,53,14
39,13,39,12
48,11,37,23
53,15,54,15
38,13,50,12
36,13,51,12
52,12,49,12
53,18,54,14
50,12,53,16
54,15,54,15
61,35,64,32
67,30,66,30
59,36,63,33
57,37,56,37
65,31,57,36
70,25,69,25
69,26,61,34
70,26,62,34
68,28,59,35
66,17,68,29
67,18,66,18
68,11,71,29
78,13,72,11
82,19,82,18
80,15,78,13
81,16,83,19
84,20,83,20
70,30,85,22
86,23,84,20
85,21,87,24
75,42,90,35
90,33,90,36
90,34,89,38
90,39,76,42
90,37,72,39
89,43,89,44
91,38,90,41
90,42,89,45
89,47,90,43
75,43,75,44
91,41,90,45
90,46,90,44
90,47,91,42
89,52,88,52
89,48,91,44
90,49,90,52
90,55,90,54
90,57,90,56
74,54,90,58
90,61,90,59
74,56,90,62
74,58,89,68
85,70,90,63
90,65,88,69
90,66,80,73
88,70,77,70
87,70,78,70
80,72,84,72
83,74,79,72
89,69,79,71
81,74,82,74
84,74,85,72
87,71,86,72
84,73,78,73
74,77,73,77
74,58,68,64
73,58,70,61
67,65,73,59
72,59,69,61
65,68,65,67
66,67,68,63
74,59,64,70
64,69,67,65
75,58,72,60
64,70,76,58
65,69,67,65
66,67,69,62
70,61,67,66
68,63,78,57
65,68,77,56
69,62,70,61
74,59,65,68
66,65,68,63
70,62,65,66
60,70,66,65
65,65,64,67
63,70,61,71
61,72,64,66
66,64,62,69
57,75,62,70
62,69,61,70
57,76,63,67
57,77,56,73
56,74,62,68
59,73,56,75
58,73,56,76
58,72,59,71
58,89,62,89
56,89,57,89
52,88,51,88
59,89,55,89
55,74,50,87
53,88,54,88
46,87,45,87
52,89,49,88
47,88,48,88
50,89,49,89
44,88,45,88
43,88,42,88
55,73,56,72
55,72,55,71
55,69,56,69
56,68,56,70
37,60,56,66
34,62,33,62
35,61,34,62
36,50,34,61
46,42,38,41
49,43,45,42
48,43,37,41
36,47,47,42
43,42,36,45
36,44,39,41
36,42,44,42
55,56,52,57
63,55,60,54
73,45,63,35
64,35,73,43
72,46,73,46
71,45,74,39
67,31,72,44
73,42,87,23
85,20,83,18
84,19,88,25
82,17,65,17
69,27,78,13
67,15,67,15
64,18,61,18
55,19,59,17
53,19,51,19
46,12,47,12
39,13,42,13
42,11,49,11
36,21,38,12
40,11,41,11
38,23,39,11
37,22,30,13
30,12,31,12
31,11,34,22
30,23,37,11
29,21,34,12
38,11,36,11
30,22,31,21
35,11,32,22
32,12,31,22
32,11,33,11
23,21,28,22
30,11,29,11
27,11,28,11
26,11,25,11
25,22,24,22
23,11,22,11
20,12,19,12
20,11,11,17
11,16,12,21
12,20,19,11
16,12,11,13
13,23,15,12
14,12,17,11
11,14,16,11
15,11,12,12
13,11,14,11
11,15,15,10
12,19,14,10
11,20,11,13
23,27,11,21
12,23,12,31
23,28,11,22
24,28,13,31
11,24,9,30
10,30,11,30
24,29,11,31
24,30,11,28
11,32,11,29
12,36,11,33
12,37,11,35
11,36,12,39
12,40,11,38
11,39,11,41
11,43,10,50
11,45,11,50
11,47,11,51
12,51,11,49
12,53,12,54
11,52,12,55
12,56,11,54
11,57,13,65
18,65,14,65
10,65,11,58
11,65,21,64
17,65,21,65
20,65,12,65
11,63,19,65
17,66,16,66
15,66,14,66
10,61,17,65
21,64,17,65
19,66,18,66
19,73,19,68
20,74,21,74
34,53,35,57
33,53,34,57
37,63,34,56
36,62,34,55
34,54,35,56
37,63,37,62
35,54,35,55
35,62,35,53
35,50,35,51
35,48,37,42
36,41,35,47
35,45,35,44
35,40,35,43
34,28,29,28
25,29,38,29
37,29,30,28
27,29,22,30
31,28,28,29
39,30,35,29
29,28,36,29
35,28,36,28
37,28,39,22
45,40,46,40
48,40,47,40
51,17,51,16
63,19,60,19
61,35,62,33
64,31,70,27
69,12,71,27
72,28,79,15
79,14,82,19
78,13,84,21
77,12,80,15
83,21,81,16
82,17,83,18
90,24,89,27
90,25,90,26
88,34,88,33
90,30,89,24
91,26,89,32
91,27,91,28
90,38,76,44
76,45,92,50
88,52,75,40
74,45,88,68
85,71,77,70
82,73,84,72
81,73,89,69
74,77,71,77
70,61,74,58
78,56,77,57
69,62,67,64
65,67,75,59
73,60,66,65
62,71,64,68
61,72,73,78
63,69,72,79
75,76,74,78
72,79,61,70
59,73,77,75
73,84,72,79
73,83,71,84
71,85,70,85
71,85,72,79
72,85,70,86
74,83,75,83
69,87,73,85
68,88,72,86
61,88,64,88
62,88,69,88
66,89,63,88
60,87,59,87
68,89,61,88
58,87,70,87
75,82,70,88
66,88,74,82
62,87,71,87
69,89,64,89
58,88,60,88
50,87,55,76
51,90,52,90
62,73,61,73
59,74,61,74
47,89,46,89
45,89,44,89
35,87,35,82
35,86,36,78
36,90,36,79
41,89,35,89
40,89,39,89
36,80,35,85
35,80,37,89
35,84,36,79
35,79,35,88
55,69,54,66
54,68,55,75
54,70,58,88
57,88,61,88
48,87,65,87
67,87,66,87
67,87,73,84
72,75,72,76
74,80,71,87
73,76,75,81
72,77,75,80
69,87,76,82
75,80,75,79
75,84,76,83
76,77,80,74
60,71,58,75
67,66,79,73
69,64,70,64
71,63,70,64
59,73,58,76
65,67,56,77
68,65,59,73
68,66,58,73
61,89,53,88
40,88,41,88
37,88,35,79
37,88,35,88
26,79,36,80
28,80,29,80
30,80,27,80
31,81,32,81
24,79,33,81
20,70,19,74
20,71,30,81
27,81,29,81
26,81,28,81
13,74,13,73
21,66,22,66
11,78,11,79
18,74,21,71
12,83,11,75
17,89,17,74
16,74,13,87
16,88,12,82
11,76,15,74
11,82,12,86
14,74,18,73
12,84,13,88
11,80,11,77
14,75,13,75
15,75,11,76
13,87,12,74
17,74,11,76
20,89,13,87
17,89,22,89
23,89,12,87
16,89,12,88
15,89,11,86
12,78,13,78
11,87,11,85
12,89,13,89
14,89,20,88
21,88,22,88
24,87,14,89
26,87,25,87
26,85,26,84
26,82,14,89
11,88,21,88
26,78,25,87
14,89,24,89
25,89,16,87
16,87,15,87
14,87,17,87
25,88,26,86
25,88,25,86
17,75,16,75
19,67,19,72
33,82,34,82
20,69,34,81
20,64,20,67
21,64,19,69
12,54,12,52
12,50,12,62
13,49,12,64
12,49,13,49
12,59,21,66
35,53,35,57
34,48,34,60
34,47,34,63
35,59,34,45
33,63,34,44
34,61,34,59
35,51,34,58
34,40,34,41
34,39,33,39
33,38,33,39
34,39,33,40
34,52,34,53
35,41,36,48
32,28,36,40
24,29,39,30
22,30,34,29
40,40,39,40
37,40,41,39
40,39,33,41
47,39,42,40
48,39,50,39
52,39,51,39
49,40,50,40
51,40,53,40
52,16,55,18
56,19,57,19
59,16,45,11
54,18,60,18
52,15,45,12
59,16,52,15
53,11,54,18
54,12,53,11
43,13,60,21
52,11,36,21
31,10,38,24
32,21,30,21
27,12,28,12
25,12,11,14
12,10,12,22
15,12,13,12
13,22,12,18
11,13,11,13
23,26,9,30
18,65,9,65
21,64,17,65
21,64,11,63
36,61,12,65
35,60,36,62
33,52,35,60
35,60,35,62
35,63,34,53
34,50,36,61
12,54,12,44
13,60,13,59
12,58,12,47
13,61,12,48
13,43,13,44
13,58,12,47
9,31,12,35
12,34,12,33
25,28,12,30
24,27,24,26
24,24,25,31
25,27,24,20
25,26,25,24
12,17,25,23
25,21,12,16
25,13,12,15
10,12,23,13
13,11,19,12
22,25,23,24
24,12,23,12
32,13,31,21
23,23,22,23
28,23,27,23
38,21,35,12
31,23,32,23
34,23,33,23
53,14,53,18
37,24,37,29
36,25,36,26
36,27,37,30
45,41,38,19
50,40,36,30
39,39,36,27
36,39,54,39
55,38,54,38
36,38,37,38
57,38,55,39
58,35,58,36
60,33,54,39
56,40,58,37
60,35,61,35
71,30,63,34
60,17,64,17
78,13,75,12
80,15,83,19
78,13,79,14
89,26,84,20
90,27,87,24
86,22,90,29
87,24,84,19
87,24,90,26
87,23,85,20
89,30,90,26
87,23,85,20
86,21,89,29
90,26,86,21
88,35,89,34
90,26,89,35
89,35,89,37
71,25,73,40
70,27,77,42
72,40,76,45
90,41,74,41
74,40,76,43
91,39,90,44
88,50,88,49
89,49,88,49
89,48,90,30
90,44,89,34
88,47,90,30
90,30,91,39
91,35,85,22
92,26,91,25
89,23,91,32
88,22,86,21
84,19,87,21
78,11,79,11
69,13,68,13
65,19,65,15
65,12,65,11
65,17,64,16
69,10,65,16
68,10,67,10
65,17,71,28
59,15,64,17
71,27,72,28
56,41,66,31
51,39,55,39
37,42,36,29
39,27,38,27
33,30,34,30
39,25,31,30
33,29,38,28
30,29,29,29
27,28,23,29
23,29,26,28
22,29,39,30
39,31,23,29
38,29,32,29
34,42,38,29
33,44,37,28
37,28,36,39
44,39,43,39
54,39,46,39
55,38,57,38
58,35,53,39
44,40,55,40
47,41,57,37
64,17,60,17
71,30,74,12
79,13,81,17
84,21,80,15
76,12,81,16
81,16,85,23
86,22,83,18
69,25,69,30
69,31,72,41
71,41,71,25
65,34,54,40
58,39,57,39
58,56,54,55
53,57,53,55
54,59,55,57
56,58,54,63
55,64,54,64
57,72,55,66
55,89,50,89
59,88,56,88
55,88,58,88
41,87,41,87
35,81,39,88
38,88,35,78
35,78,36,78
36,80,35,88
35,61,34,61
37,58,37,57
37,58,37,59
38,59,34,60
34,53,19,64
35,61,35,54
35,41,36,57
34,28,30,28
38,29,26,29
40,40,25,29
57,19,38,41
52,16,54,18
59,18,57,19
65,18,60,18
67,30,66,20
60,33,70,27
61,32,62,32
63,31,62,31
71,29,65,29
75,11,77,12
78,13,84,22
82,18,85,23
80,15,83,20
75,11,80,15
70,12,83,21
82,20,81,19
80,17,81,17
79,14,79,14
80,15,80,15
69,28,71,29
80,15,90,25
86,21,90,24
74,38,76,43
88,52,75,39
90,46,74,44
77,70,85,71
89,69,82,73
71,60,74,77
74,58,78,56
63,70,65,69
66,66,64,69
65,68,74,59
72,60,76,56
68,63,76,56
76,56,70,61
75,56,70,61
78,74,77,57
77,57,73,59
80,71,75,57
84,75,85,74
76,56,72,58
76,54,77,54
76,54,71,60
75,56,73,58
91,57,90,53
91,56,89,63
89,62,89,47
89,61,88,63
89,44,91,53
88,44,89,58
91,52,89,56
91,53,90,50
91,49,91,47
92,31,91,46
89,25,90,34
92,26,84,22
86,21,85,21
84,19,80,11
65,15,68,13
65,10,65,11
65,16,65,12
71,28,67,28
72,29,71,29
71,29,66,29
82,17,68,28
91,31,87,23
90,32,71,40
70,41,67,32
70,41,77,43
68,29,73,40
76,43,76,43
66,33,65,33
69,29,64,35
67,31,62,37
61,38,62,37
62,36,73,29
56,43,64,33
59,56,55,43
54,55,42,42
56,54,54,58
57,54,58,54
53,89,49,89
42,87,61,87
43,87,60,87
72,84,72,76
75,80,71,76
66,90,67,90
70,89,68,90
72,87,76,81
73,86,75,80
78,72,75,76
65,67,59,73
65,66,71,62
71,62,72,62
72,61,76,76
66,65,79,71
80,70,73,61
73,60,80,70
86,70,86,69
87,69,84,73
82,75,82,76
89,67,89,60
88,69,88,57
89,58,80,73
83,73,90,67
89,70,91,67
90,69,91,65
91,64,89,60
91,63,89,50
91,60,91,61
90,49,91,59
90,47,92,31
88,23,89,24
85,20,90,25
68,13,79,11
65,11,65,19
65,10,65,16
65,17,64,15
71,28,67,28
66,29,72,29
82,17,71,29
87,23,84,19
87,24,81,16
84,19,86,22
82,17,86,22
74,13,84,19
85,21,80,16
77,14,83,18
85,22,81,16
76,12,79,15
70,13,71,13
81,16,84,20
77,11,78,11
65,20,65,16
68,13,65,11
65,11,69,11
65,16,64,15
67,28,71,28
59,15,72,28
61,17,65,31
49,12,48,12
38,29,36,22
37,13,36,13
42,11,36,22
35,13,50,13
35,13,49,13
31,12,53,13
30,13,47,13
38,12,44,11
30,13,33,21
29,22,32,10
27,21,26,21
12,9,12,22
11,13,13,25
23,26,12,19
9,30,18,65
22,64,21,64
15,66,16,66
21,64,17,65
36,62,12,65
35,62,35,60
34,51,34,50
35,60,21,67
21,70,20,68
21,71,21,72
22,74,13,66
14,67,12,65
13,52,12,56
13,54,13,53
14,49,12,49
10,50,10,50
12,42,9,31
25,29,14,29
12,27,25,31
9,12,22,12
13,11,22,13
22,25,26,21
31,9,31,21
38,22,53,14
53,19,50,12
54,15,62,18
61,34,66,18
78,13,71,26
81,17,80,15
84,20,80,15
79,14,82,18
85,23,78,13
81,18,82,18
68,13,65,12
71,12,77,12
65,12,70,28
59,19,65,30
64,31,71,27
62,33,65,31
55,19,59,17
54,19,51,19
60,17,49,12
37,25,40,12
37,27,38,13
48,13,49,13
30,13,32,21
23,22,11,18
15,10,12,22
10,30,23,26
18,65,9,65
22,64,21,64
21,64,16,65
12,65,17,65
19,68,36,60
20,73,20,71
20,76,21,76
31,80,20,75
24,81,19,71
20,76,19,70
13,73,12,73
11,74,28,87
26,81,27,87
19,88,12,83
13,87,13,87
11,88,12,89
13,76,12,77
12,89,14,74
16,73,17,73
11,75,21,75
22,75,10,75
10,75,12,81
10,75,12,74
27,82,12,76
19,75,25,85
23,89,26,79
26,78,28,78
25,82,29,78
28,81,34,78
25,82,33,82
33,80,33,83
55,75,34,87
56,78,55,78
55,77,54,65
55,77,54,78
54,62,56,65
56,63,56,64
36,61,56,61
35,62,38,57
35,62,38,55
36,60,34,60
19,67,38,60
19,63,21,72
21,63,19,63
20,63,24,81
32,79,31,79
29,79,30,79
29,86,28,86
11,82,27,88
14,87,12,87
12,89,12,89
12,89,17,88
11,75,12,80
10,75,21,75
12,81,10,75
19,75,10,75
19,75,26,82
26,79,26,78
28,81,33,81
25,82,28,81
34,88,33,80
32,87,33,87
46,88,44,88
47,88,43,89
34,83,34,85
52,88,51,87
53,87,40,89
70,86,69,90
74,79,72,76
67,90,70,88
75,82,71,87
75,80,76,81
78,72,75,77
59,73,65,67
65,66,76,76
71,62,68,64
80,70,66,65
72,61,79,71
80,70,70,62
80,70,86,70
80,72,84,73
82,76,83,76
90,62,89,66
87,72,89,55
88,55,89,58
91,65,89,54
90,53,76,53
89,50,89,48
84,21,91,57
87,22,88,23
80,11,85,20
68,13,65,15
65,10,65,17
71,28,67,28
59,15,58,17
72,28,71,27
65,30,71,27
65,31,56,41
56,38,47,38
48,38,36,29
39,26,39,25
39,28,23,30
27,28,22,30
11,30,12,26
13,23,13,42
13,39,13,40
25,26,11,35
18,11,9,12
22,12,26,13
31,21,25,21
53,14,51,10
53,16,53,19
36,25,37,29
39,20,36,27
45,40,43,41
36,39,35,39
34,38,49,39
53,38,52,38
42,40,33,39
34,40,42,41
26,30,31,30
12,45,11,53
13,43,12,46
18,65,22,65
13,64,14,64
12,49,13,51
13,48,14,48
21,64,12,64
17,65,17,65
15,66,36,61
37,63,35,60
37,63,36,62
35,62,34,52
33,41,37,42
34,28,26,29
39,30,22,30
25,29,39,30
11,35,24,21
12,26,13,23
13,40,13,42
13,27,13,26
16,66,13,41
10,65,12,65
21,64,10,63
35,60,17,65
19,69,18,72
21,76,21,74
29,80,23,80
23,80,30,80
37,80,36,79
38,61,36,81
35,87,37,81
32,79,27,80
41,89,34,79
49,87,36,87
46,88,49,87
36,84,32,78
47,88,43,89
43,89,35,83
33,79,36,83
36,85,32,79
35,82,36,85
25,79,28,82
20,69,30,81
21,69,19,76
12,75,23,66
21,71,11,80
14,72,21,73
13,88,13,75
12,85,13,87
11,76,12,83
17,89,12,74
17,74,13,87
17,89,25,88
26,85,12,84
24,89,17,89
11,88,18,88
24,89,12,89
12,90,18,88
12,90,12,80
21,75,11,75
10,75,10,75
26,79,12,81
12,79,10,75
19,75,26,79
26,79,28,78
28,81,33,82
25,82,27,80
33,83,37,60
35,61,33,61
39,60,38,59
39,61,34,52
30,28,35,41
38,29,34,28
38,29,22,30
39,30,24,21
11,30,11,35
13,42,12,39
11,35,25,26
14,11,10,12
26,13,22,12
31,21,25,21
53,18,53,14
51,12,53,16
48,40,52,40
45,40,56,39
45,40,56,39
42,39,51,41
57,38,59,35
53,40,58,37
58,38,62,34
64,17,60,17
74,12,69,11
82,18,80,15
81,16,78,13
83,19,79,14
82,17,84,20
88,24,88,26
76,42,71,26
78,42,71,40
72,41,69,29
68,30,67,31
71,40,76,42
91,35,71,40
89,44,89,48
72,54,73,54
73,55,72,53
73,54,88,57
91,48,74,53
91,68,88,68
80,72,84,71
89,69,88,70
74,77,71,60
68,63,74,57
78,56,69,62
73,59,64,70
64,70,68,63
69,62,67,65
75,56,75,56
77,57,72,59
90,56,91,59
89,65,88,43
89,43,89,44
89,68,89,44
92,67,79,72
89,69,77,70
78,73,88,70
71,60,68,63
64,69,78,56
63,70,78,56
68,63,79,57
64,70,65,68
75,56,70,61
74,56,76,57
81,71,71,60
72,59,71,60
75,56,81,72
90,56,89,65
90,49,88,62
89,45,89,45
89,58,89,47
90,56,88,30
92,26,89,25
84,22,85,21
90,25,86,21
73,12,84,19
68,13,65,20
65,17,65,11
65,12,65,16
67,28,59,15
72,28,58,17
61,35,55,41
51,39,55,39
39,26,37,42
40,25,23,30
23,29,33,29
23,30,34,30
12,26,11,35
13,41,24,25
13,21,23,21
13,19,23,22
22,11,24,21
17,11,26,12
13,12,29,13
28,13,14,13
33,14,32,12
32,11,19,11
32,21,31,10
38,22,52,12
51,10,53,17
59,19,63,33
68,27,65,31
55,37,53,38
70,25,59,35
69,27,66,31
67,30,66,17
72,12,66,17
66,11,64,11
80,18,81,18
79,15,76,12
81,16,90,23
88,34,76,43
92,50,75,40
88,52,74,44
77,70,85,71
89,69,86,71
78,73,83,74
74,57,68,63
64,69,67,65
68,63,74,59
65,67,67,64
73,77,69,62
75,76,71,78
61,72,72,78
62,69,62,69
70,86,74,83
68,88,63,88
61,88,59,87
71,87,58,87
55,76,64,88
62,73,35,83
36,91,35,88
56,73,55,68
54,77,56,72
54,61,36,60
35,63,34,62
38,55,55,58
54,71,53,71
54,53,55,57
53,70,53,68
56,57,56,60
46,41,50,41
54,42,42,42
39,43,40,43
53,42,38,43
58,54,61,37
73,40,73,39
66,56,66,55
69,55,70,55
68,55,67,55
71,55,62,55
65,55,76,54
68,56,77,54
69,56,67,56
66,55,55,53
57,57,56,56
61,39,56,56
59,40,60,40
58,41,57,41
38,44,36,49
36,59,38,46
37,62,37,62
37,62,37,53
55,57,37,52
47,41,54,62
38,44,42,41
53,43,52,43
42,41,55,41
55,40,55,41
73,44,52,57
73,46,73,46
67,33,67,33
63,35,75,47
67,33,68,32
76,40,61,36
65,33,69,27
63,34,69,27
70,28,73,41
90,32,71,39
91,31,70,40
89,43,72,39
89,44,76,44
73,55,73,44
69,54,70,54
76,57,76,57
72,43,78,43
78,44,77,44
54,42,73,40
60,39,59,41
36,58,37,53
36,62,35,62
36,61,35,62
43,41,36,62
39,41,35,42
47,43,51,43
44,42,54,40
52,57,61,54
63,35,64,35
71,28,62,35
67,31,71,45
86,21,88,23
90,33,89,37
89,40,88,42
73,38,72,38
91,50,76,45
73,45,75,45
76,40,74,44
77,56,71,54
70,53,71,53
75,57,90,57
89,60,90,51
89,62,90,52
89,59,89,59
90,58,89,62
91,67,90,68
80,72,91,67
86,71,82,73
74,77,71,60
78,56,68,64
64,69,77,56
66,66,64,69
66,66,65,68
75,56,76,56
76,56,69,62
76,56,72,60
81,71,73,59
70,61,80,72
75,57,76,56
76,73,77,73
75,74,83,75
88,69,81,71
89,67,90,63
86,72,88,69
77,73,82,73
88,69,78,71
78,71,76,72
72,75,83,74
86,72,76,73
89,60,89,68
77,72,86,72
90,66,87,71
87,71,89,68
83,74,91,65
85,73,89,59
89,59,76,55
76,54,76,55
74,57,71,44
77,42,71,45
90,48,72,45
76,42,91,50
90,51,89,41
74,54,90,50
88,68,87,69
77,70,89,69
78,73,82,73
74,77,70,60
68,64,64,69
63,70,69,62
77,57,64,69
75,57,61,73
73,61,72,61
66,65,60,70
56,73,60,70
52,88,57,89
44,87,46,87
41,88,40,87
38,87,39,87
35,86,35,82
36,89,35,89
36,80,55,75
54,67,53,64
49,89,55,75
54,89,57,88
51,89,68,87
61,71,73,77
74,81,73,81
63,69,74,84
74,75,72,86
76,81,74,75
61,88,76,80
73,79,77,80
74,76,75,75
79,73,75,83
73,79,77,80
64,89,74,84
79,73,75,75
73,79,77,80
77,70,75,75
69,87,79,73
73,79,77,81
71,86,76,82
73,79,79,74
78,72,65,67
79,74,67,65
75,77,69,64
63,68,61,70
70,63,71,63
71,60,62,69
63,68,71,60
72,61,78,73
70,63,68,64
70,62,78,74
70,61,74,57
71,60,91,60
90,55,90,63
74,43,77,42
77,41,71,44
76,41,73,45
68,54,68,54
77,42,73,42
65,54,66,54
72,56,70,56
56,54,66,55
55,41,57,58
61,39,59,39
55,64,54,69
55,65,56,74
48,89,52,89
41,87,60,87
57,88,35,80
35,89,35,88
55,76,55,72
55,75,56,71
37,59,54,61
38,56,34,62
56,61,38,54
54,53,56,59
54,53,56,59
54,53,56,59
55,63,56,60
54,89,50,89
47,88,58,88
45,88,41,87
36,89,35,81
55,73,36,89
54,64,55,66
59,88,47,88
63,87,46,87
46,87,60,88
45,87,49,88
35,88,36,80
55,68,55,72
54,67,55,72
54,66,53,62
54,78,38,58
37,58,36,60
36,60,38,55
38,55,37,58
20,67,20,70
34,60,34,47
34,48,34,60
34,39,36,42
29,28,25,29
39,30,22,30
39,30,23,29
35,29,26,29
12,27,11,31
12,39,11,30
12,37,13,24
11,51,13,41
12,65,21,65
17,65,11,65
36,62,17,65
35,63,35,64
36,61,34,62
36,55,34,46
33,45,33,44
33,45,34,46
36,53,34,60
19,65,22,67
17,64,18,64
17,64,15,64
13,45,12,51
13,37,13,38
13,29,13,35
26,29,25,31
18,11,10,12
18,11,22,12
22,25,25,21
31,9,51,10
53,18,53,19
47,41,37,24
40,39,42,40
39,39,41,40
41,40,52,39
56,38,59,35
55,40,42,39
60,17,58,36
71,30,68,11
64,12,74,12
76,12,63,12
81,16,78,13
82,20,77,12
80,17,78,13
74,12,81,18
82,21,80,16
79,14,80,16
80,16,82,19
80,16,69,28
81,16,83,19
84,20,67,26
72,30,71,30
78,41,74,41
60,37,64,35
60,56,55,55
47,42,36,42
37,39,38,52
34,60,37,50
19,69,20,64
20,63,26,80
35,80,20,73
23,80,24,80
28,81,24,79
46,88,35,85
49,88,46,89
50,88,50,88
54,87,35,79
37,88,38,88
36,80,35,88
54,67,54,68
56,75,55,70
50,89,46,89
54,88,42,88
57,87,41,87
73,77,58,88
74,82,72,76
68,89,73,84
75,82,75,80
75,80,75,76
59,73,78,72
76,76,65,67
73,61,71,62
74,61,57,74
72,60,63,68
71,63,57,74
60,73,63,68
63,68,57,74
56,75,57,77
62,89,57,74
59,88,46,87
47,87,62,87
59,88,60,88
73,82,68,91
73,78,70,88
75,82,73,84
71,87,76,81
75,80,75,80
78,72,59,73
69,64,70,63
79,72,72,62
64,67,67,65
72,62,69,64
67,65,64,67
69,64,59,75
74,61,59,74
56,75,60,72
56,74,61,70
60,71,59,72
58,89,63,89
46,87,46,87
57,89,35,86
36,90,38,88
36,79,36,79
33,60,40,60
19,70,19,74
20,67,20,75
19,70,28,81
20,67,24,80
20,72,19,72
30,81,22,67
13,74,19,76
14,72,12,81
14,72,21,73
18,89,13,87
12,83,12,85
13,87,12,73
11,76,13,87
14,87,26,87
26,88,23,90
21,74,26,88
17,75,21,66
19,72,20,66
20,68,36,57
35,53,35,51
35,57,34,49
36,55,33,63
34,44,36,54
35,41,11,49
12,40,12,53
11,47,13,56
20,65,12,57
10,65,17,65
35,62,35,60
34,54,35,63
36,54,35,63
35,49,33,63
34,58,34,47
37,42,35,56
34,39,36,42
38,29,29,28
38,29,27,29
32,28,25,29
11,29,12,38
13,20,12,20
16,11,20,11
28,13,27,13
12,14,29,13
26,13,11,14
12,21,13,12
12,31,14,31
23,30,10,30
21,65,17,65
17,65,10,65
11,63,36,61
35,56,35,60
35,60,36,63
35,62,35,63
35,56,34,47
36,41,33,40
29,28,35,40
39,30,25,29
23,30,27,29
11,32,25,29
11,37,13,28
12,29,35,49
34,52,36,44
34,51,34,53
33,62,37,60
36,80,31,81
56,70,55,76
55,65,55,71
47,89,55,75
43,88,52,89
37,87,55,87
41,87,56,87
70,86,73,82
74,79,72,76
71,87,70,88
75,82,75,82
75,76,76,81
79,72,59,72
65,66,70,63
73,61,70,63
65,66,74,61
65,66,72,60
64,67,71,63
60,73,63,68
56,74,57,77
57,74,58,89
62,89,54,88
46,87,52,89
47,87,58,88
49,88,58,88
70,87,62,87
73,82,70,87
74,81,67,88
68,88,75,81
75,82,75,82
75,80,75,80
75,76,75,80
62,69,59,72
76,76,64,67
72,61,79,72
68,63,78,75
80,70,77,76
74,57,72,60
77,74,78,73
88,69,83,75
76,54,90,55
90,49,89,62
77,41,71,44
77,41,77,41
66,54,67,54
61,54,65,55
62,54,61,54
57,57,56,54
37,57,54,55
54,73,36,59
50,89,55,89
63,87,59,88
58,88,45,87
72,84,65,88
72,76,75,82
75,80,72,85
75,80,76,81
75,77,75,76
59,73,65,67
76,76,70,63
67,65,79,72
63,68,73,61
57,74,67,65
74,61,67,65
56,74,64,67
66,66,64,67
57,75,56,74
57,75,60,72
61,70,56,74
46,87,58,89
37,60,35,85
28,80,29,80
25,79,26,79
27,80,26,80
34,80,24,79
19,76,20,73
20,73,21,67
23,66,13,73
21,71,13,72
14,71,19,74
15,73,13,73
12,89,14,73
12,89,11,88
22,87,23,87
11,88,10,84
26,89,10,85
13,89,26,90
26,89,13,89
25,90,26,88
24,89,21,74
22,74,21,66
20,73,19,72
20,68,11,58
12,54,11,58
13,53,15,65
13,50,11,50
10,50,12,56
9,31,10,50
25,29,25,31
9,12,25,13
22,13,13,11
31,21,25,21
51,10,31,9
53,19,53,18
37,30,37,30
37,26,37,30
37,30,36,29
45,12,36,12
30,13,49,13
36,12,30,12
46,13,45,13
31,11,44,12
34,12,23,22
24,21,13,24
12,10,16,10
11,13,12,19
10,30,10,50
22,64,21,64
16,66,15,66
21,64,11,63
12,65,35,57
35,60,35,60
36,63,37,63
35,63,34,50
12,49,11,54
13,62,13,44
13,63,12,47
14,45,11,51
13,47,12,57
16,66,16,66
12,65,19,65
15,66,21,68
35,55,35,52
20,73,20,75
21,74,21,76
37,62,20,74
55,53,37,60
53,66,54,64
54,62,55,53
57,73,54,75
54,89,50,89
42,87,59,87
43,87,60,87
69,90,69,89
71,87,75,81
75,82,76,81
75,80,75,76
59,73,78,72
65,67,70,63
72,62,79,72
73,61,71,62
70,63,67,65
62,70,68,64
65,66,71,61
68,64,71,60
75,58,66,65
70,61,71,60
74,56,90,56
89,65,77,42
77,42,75,43
77,43,76,43
67,54,56,55
55,41,61,39
41,42,45,41
36,48,53,42
39,43,37,56
37,44,57,44
57,44,40,42
43,41,53,43
56,42,50,42
56,42,55,41
57,54,59,54
73,43,62,36
73,46,72,46
65,33,69,30
85,20,70,28
90,27,90,32
91,30,89,24
77,43,76,44
76,44,73,45
75,39,74,55
67,53,77,57
68,54,72,55
55,54,60,37
73,41,54,42
65,35,54,44
54,43,74,43
75,47,61,36
67,32,73,40
76,44,71,44
90,34,75,45
88,47,89,43
89,46,88,46
91,37,88,28
91,37,88,44
86,23,89,31
88,24,89,24
85,20,87,22
73,12,79,11
65,19,65,15
65,17,65,10
71,28,65,16
59,15,67,28
67,30,71,27
55,41,66,31
55,39,47,38
39,26,36,29
34,50,38,28
34,50,35,48
19,71,30,81
20,76,34,80
20,76,27,80
20,76,20,65
21,65,24,81
24,81,26,81
28,86,29,86
12,73,25,89
14,87,12,89
11,88,14,74
12,89,12,80
12,74,12,89
21,75,11,75
10,75,26,79
10,75,19,75
19,75,25,85
23,89,26,78
28,81,33,81
28,81,25,82
33,83,34,87
55,73,55,69
56,73,54,65
54,64,56,73
49,89,54,89
46,88,58,88
60,88,50,88
35,82,36,90
36,88,36,78
40,60,37,60
26,79,19,69
20,77,21,64
20,68,20,67
34,56,34,52
36,60,35,55
34,53,34,52
37,42,33,40
37,29,22,30
25,29,29,28
44,39,52,39
54,39,38,39
57,37,59,35
44,40,57,37
58,36,70,29
60,17,64,17
70,11,78,13
82,18,77,12
83,20,81,17
79,14,81,17
65,14,73,11
77,12,76,13
68,12,66,12
65,11,64,16
59,19,59,16
59,35,64,32
54,18,51,18
65,32,66,31
58,36,59,35
57,41,53,40
37,42,55,40
36,29,39,26
40,25,23,29
38,29,26,28
34,30,39,30
11,34,32,29
13,22,12,25
13,24,12,28
21,12,16,11
25,13,26,22
28,21,26,21
53,18,51,9
53,16,53,19
49,40,54,15
44,39,43,39
45,40,41,39
41,38,52,40
51,41,62,32
60,35,55,39
61,35,71,30
60,17,64,17
69,11,71,30
76,12,79,14
66,12,77,12
66,14,79,14
65,14,79,14
81,18,80,16
79,16,67,11
67,11,80,18
79,16,78,14
73,12,77,12
77,12,74,12
82,17,78,13
90,22,88,34
74,38,92,50
89,52,88,52
85,71,77,70
82,73,84,72
89,69,83,74
74,77,71,60
68,64,78,56
76,58,74,59
66,65,63,70
62,71,71,78
60,73,72,78
72,84,72,79
71,85,71,85
73,84,75,82
66,88,61,88
56,75,55,76
53,76,53,76
60,72,61,72
55,76,59,73
64,70,55,69
37,59,54,62
36,60,38,58
34,62,37,59
55,58,54,65
38,47,36,52
44,41,39,42
52,43,38,42
55,41,56,42
63,36,52,56
73,44,61,36
72,46,73,47
71,28,69,28
67,31,84,19
85,20,81,17
79,16,82,18
89,25,87,22
90,33,91,28
89,34,88,23
86,21,91,28
90,32,88,38
74,38,90,33
92,67,90,48
88,68,84,71
77,70,76,71
89,69,86,71
83,74,78,73
68,63,71,60
78,56,67,65
68,63,77,57
64,69,65,67
70,61,63,70
61,72,64,68
62,71,60,73
60,74,57,74
69,64,65,66
57,74,61,71
57,76,65,66
56,73,57,73
62,89,52,89
45,87,46,87
48,88,58,88
73,82,70,87
73,78,75,82
71,87,73,84
75,80,75,82
75,80,75,76
61,69,65,67
63,68,70,63
72,61,66,65
70,62,74,57
85,73,88,68
84,74,89,67
89,60,90,63
90,62,90,66
89,68,89,63
87,71,88,59
90,67,89,60
90,49,90,50
85,22,92,31
90,25,88,23
86,21,80,11
73,12,68,13
65,15,65,11
65,10,64,15
67,28,71,28
67,29,72,28
68,29,71,27
63,32,64,31
51,19,52,19
54,18,37,23
37,20,36,20
39,20,37,19
30,30,36,29
38,24,30,31
38,25,31,27
35,43,35,46
37,81,36,83
40,89,36,84
32,80,44,89
36,84,34,87
35,88,33,80
33,81,36,84
20,73,19,77
13,74,21,68
14,72,21,71
14,71,19,89
14,88,12,85
12,83,11,76
13,87,12,74
17,89,13,87
25,85,12,73
14,88,12,84
25,88,25,86
26,88,11,88
12,90,13,77
15,74,12,80
11,88,20,73
21,75,10,75
12,74,10,75
12,81,11,75
10,75,19,75
26,82,19,75
22,89,26,79
33,82,34,79
25,82,33,83
42,89,32,80
46,88,44,88
51,87,50,87
35,87,43,89
37,89,34,84
51,90,55,74
73,82,73,78
73,84,75,82
75,82,75,80
75,80,75,80
61,69,75,76
76,76,59,73
67,65,69,64
71,62,80,71
72,63,72,62
69,64,63,68
60,73,56,77
67,65,69,64
79,71,62,69
78,73,77,74
65,66,79,70
77,73,74,78
80,69,70,63
78,74,72,61
74,57,78,74
72,59,71,60
90,60,90,55
76,42,90,63
75,43,77,41
72,45,77,41
72,43,78,43
75,40,74,43
59,39,62,35
56,42,57,41
61,36,55,44
68,33,66,34
55,43,55,42
64,55,60,55
53,54,58,55
51,42,36,48
40,42,37,52
38,52,36,43
35,59,37,49
19,70,34,58
35,58,34,57
36,61,34,55
33,40,34,39
39,30,24,29
39,30,27,29
26,29,36,30
32,28,11,31
12,39,12,27
13,23,12,39
18,11,14,11
10,12,23,12
24,23,23,25
25,21,31,21
51,10,53,18
53,19,53,14
62,18,65,17
66,19,63,18
68,29,61,34
66,29,71,29
78,13,81,16
84,20,71,30
80,15,75,11
84,22,85,23
78,13,80,15
79,14,79,14
79,14,76,12
76,12,79,14
82,18,80,15
90,24,84,19
76,43,86,21
74,38,92,50
90,46,85,71
77,70,89,69
78,73,83,74
71,77,70,60
64,69,68,64
76,59,76,58
60,71,64,69
75,57,74,59
69,62,76,56
74,59,72,60
68,63,69,62
75,57,80,71
75,57,76,56
78,74,73,59
77,75,75,56
73,59,75,56
80,70,73,77
85,72,76,74
90,61,90,65
90,66,89,68
90,67,89,60
90,47,92,51
88,23,92,31
86,21,85,21
73,12,79,11
68,13,65,19
65,11,65,11
65,16,65,12
67,28,64,17
71,29,72,29
65,29,71,29
70,28,71,29
70,11,69,11
82,19,80,16
77,12,78,13
67,12,77,12
73,11,77,12
75,12,66,12
81,19,75,12
81,20,78,13
80,16,69,11
80,16,78,13
81,17,79,14
90,23,82,17
76,43,88,34
92,50,74,38
74,44,90,46
77,70,85,71
84,72,86,71
89,69,78,73
68,64,70,60
67,65,78,56
65,68,78,56
64,70,68,63
68,63,70,61
74,56,81,71
76,57,80,72
72,59,90,60
89,65,90,56
88,45,90,49
89,59,89,45
89,59,88,44
74,56,88,68
79,72,83,72
78,73,82,73
71,77,74,77
78,56,74,58
64,69,63,70
61,71,66,65
70,62,60,71
61,72,60,71
58,75,57,76
59,74,57,77
57,77,59,72
62,89,57,89
45,87,50,89
47,88,46,88
36,90,35,82
36,78,36,79
33,62,38,59
35,62,55,56
39,41,44,41
50,43,37,42
37,46,35,42
38,41,44,42
55,56,54,40
60,38,73,44
73,46,65,34
66,33,65,33
69,30,70,28
87,22,82,17
75,11,70,11
64,18,66,12
59,16,58,19
61,18,66,15
37,23,54,18
39,12,37,13
50,13,35,13
37,23,32,9
11,14,30,13
11,18,12,22
13,25,13,22
23,26,11,21
18,65,10,50
22,64,21,64
16,66,15,66
11,63,17,65
36,61,35,60
34,56,36,63
36,63,35,63
34,53,11,54
11,50,12,56
11,49,12,45
12,56,13,60
14,42,14,43
17,66,14,44
11,65,21,64
35,56,34,54
37,63,36,61
37,62,27,81
24,80,31,80
20,75,20,76
28,86,12,73
24,89,19,89
27,87,13,87
26,86,13,87
12,89,11,88
12,89,14,74
21,75,11,75
11,75,12,81
10,75,12,74
19,75,25,85
19,75,26,79
26,79,22,89
33,82,28,81
33,83,25,82
34,89,55,76
55,68,54,64
54,64,53,62
54,89,49,89
46,88,60,88
35,84,56,89
36,90,36,79
27,79,36,79
26,79,19,73
19,76,19,76
20,76,19,74
20,64,36,64
34,51,34,53
35,53,34,50
33,48,33,47
35,53,36,58
34,63,36,58
11,52,11,48
13,62,13,60
13,46,12,49
13,39,12,48
13,37,13,37
10,31,12,35
23,23,25,31
21,12,12,11
25,13,9,12
22,25,25,21
22,11,31,9
53,14,53,18
53,19,63,19
58,17,64,19
60,35,65,19
65,32,71,26
71,26,70,12
72,29,72,29
87,23,68,27
90,31,90,26
72,39,89,39
74,41,90,41
90,34,88,46
90,35,76,44
88,46,89,45
89,31,90,41
90,35,89,31
84,22,88,24
83,21,84,21
85,21,90,25
79,11,85,20
65,19,73,12
65,17,65,15
65,11,64,15
67,28,71,28
71,27,59,15
51,39,56,41
36,29,47,38
23,29,40,25
23,29,38,29
32,30,23,29
11,29,12,25
13,41,11,29
13,51,9,50
17,65,12,65
10,65,21,64
35,58,36,62
37,63,36,63
35,61,36,58
36,42,35,40
29,28,25,29
22,30,38,29
23,29,39,30
36,30,24,28
24,28,27,29
11,31,11,35
13,24,12,27
11,30,13,24
12,47,11,43
13,49,12,48
14,65,18,65
10,64,22,64
12,61,21,64
11,63,17,65
35,56,35,60
35,60,37,63
37,63,38,42
30,28,26,29
38,29,22,30
39,41,36,29
53,17,54,18
51,16,51,16
59,19,60,19
60,19,59,19
57,18,44,13
60,20,54,11
55,18,43,13
38,24,35,20
34,21,30,13
11,18,12,10
15,10,14,12
12,19,11,13
10,30,10,50
22,64,21,64
16,66,15,66
11,63,21,64
36,63,12,65
35,63,34,63
35,44,11,45
11,50,12,42
13,40,14,41
13,61,14,40
12,55,13,58
12,55,13,44
16,66,18,66
18,66,22,65
15,66,11,56
35,57,36,61
34,53,35,60
33,52,35,60
35,63,34,51
30,28,34,28
38,29,22,30
38,29,39,30
12,38,11,33
13,23,12,25
11,51,14,22
16,66,10,50
10,65,21,65
17,65,11,63
35,57,36,62
36,63,35,63
35,52,34,49
36,57,34,49
35,61,34,62
34,63,35,55
12,45,34,45
12,53,11,52
13,36,13,38
12,50,12,50
11,45,13,41
14,65,18,65
22,64,21,64
17,65,15,66
15,66,11,63
36,60,17,72
20,71,20,73
21,74,27,81
25,88,30,80
26,81,28,86
11,83,25,89
13,87,13,87
12,89,12,89
11,87,14,74
12,90,12,74
21,75,11,75
12,81,10,75
10,75,12,74
25,85,26,82
23,89,26,79
28,81,33,82
33,83,25,82
34,88,33,80
45,88,47,88
48,88,49,87
50,87,36,87
51,89,35,89
51,90,37,87
51,90,52,89
74,78,72,83
75,82,70,88
75,82,75,80
75,80,75,80
78,72,59,73
65,67,62,69
65,66,72,61
77,74,80,70
70,62,80,70
79,71,87,68
88,69,90,61
90,60,89,68
88,55,88,56
92,51,90,68
89,25,84,22
91,26,89,24
86,21,90,25
84,19,80,11
65,15,68,13
65,10,65,17
65,16,64,15
71,28,67,28
64,17,67,29
72,29,71,29
68,28,71,29
85,20,84,19
70,42,77,42
65,35,77,42
64,33,57,41
70,55,65,55
67,56,56,41
72,55,65,55
54,43,59,37
54,54,53,41
56,40,36,51
37,62,37,60
55,65,54,70
34,60,36,81
34,60,39,60
36,62,38,62
34,39,36,42
34,28,29,28
25,29,38,29
39,30,38,21
57,38,50,39
53,40,59,35
40,38,60,34
58,36,53,40
48,40,42,39
60,33,59,35
59,35,58,36
59,35,55,39
57,38,60,34
60,34,60,35
62,33,61,34
53,17,57,18
57,18,61,19
63,19,67,29
59,35,57,36
70,26,58,34
63,32,70,30
70,11,74,11
79,14,77,12
79,14,66,14
79,14,81,17
74,12,67,12
75,12,80,17
81,16,82,17
90,22,88,34
76,43,74,38
75,40,88,52
77,70,85,71
89,69,88,70
71,60,74,77
65,69,68,64
64,70,67,65
69,62,64,71
78,56,74,58
72,59,77,57
75,56,73,58
90,56,76,56
89,65,72,45
77,42,70,55
56,55,67,55
57,57,54,55
59,40,61,39
48,41,42,43
43,42,36,47
37,43,39,43
50,41,37,42
38,56,36,45
37,61,36,61
19,70,31,81
26,80,21,63
20,70,20,76
21,68,13,73
24,89,19,89
13,87,15,89
15,89,25,87
14,88,13,87
23,88,26,88
25,80,25,80
22,74,22,74
21,66,27,82
18,67,20,66
35,53,36,57
35,51,33,63
35,41,35,51
35,41,34,43
13,51,12,38
13,37,13,35
11,47,13,37
23,24,11,30
12,11,17,11
21,12,9,12
25,21,25,22
51,10,31,9
53,14,53,19
54,15,37,25
44,40,38,39
40,40,39,20
35,38,40,40
40,40,54,38
57,37,34,38
58,35,38,38
55,40,52,39
55,41,46,41
64,17,60,17
71,30,69,11
79,13,81,17
78,13,75,11
68,12,84,23
78,13,65,12
69,12,77,12
65,11,65,17
65,16,65,11
64,15,71,28
64,17,58,17
72,28,64,30
59,36,67,30
55,40,37,42
39,25,39,26
34,60,33,61
35,57,33,62
36,52,33,62
35,53,35,57
35,61,36,61
55,74,56,70
55,64,54,60
53,58,53,77
53,53,54,61
36,59,37,58
37,54,38,53
38,51,39,41
43,41,47,42
44,42,38,41
54,40,55,41
52,57,61,54
60,38,72,39
67,55,72,39
72,54,77,54
61,53,77,54
65,54,90,53
89,44,89,57
90,52,89,42
88,61,74,58
88,69,75,53
75,52,90,68
73,60,74,59
78,72,88,69
82,72,83,73
69,64,76,73
77,73,77,73
70,63,71,61
75,56,73,58
77,56,68,64
67,64,61,72
60,68,72,78
61,89,57,73
52,88,57,89
45,87,44,87
35,82,35,87
36,79,36,91
35,88,55,70
55,66,54,75
56,69,54,74
54,75,56,69
53,89,48,89
43,87,59,87
47,88,58,88
35,78,35,82
35,87,19,72
20,76,20,68
21,65,20,76
20,67,20,76
22,63,20,89
11,80,11,75
12,84,12,85
14,88,25,88
19,72,21,72
36,56,22,66
36,56,35,53
35,57,34,49
34,46,33,45
34,47,37,81
37,81,34,80
36,81,32,79
34,80,33,79
33,86,38,89
47,87,49,87
36,87,36,89
35,82,33,87
47,88,33,87
49,88,45,89
51,87,52,87
40,88,35,88
40,88,35,88
40,60,38,60
19,74,20,66
22,62,24,80
20,75,21,63
25,88,17,88
21,73,11,81
13,87,15,88
12,89,18,73
21,75,10,75
10,75,11,75
19,75,10,75
26,79,22,89
34,79,26,79
28,81,33,81
25,82,28,81
34,87,44,88
48,88,46,88
49,88,45,89
50,88,52,87
53,87,51,87
40,88,35,88
36,87,46,89
36,87,35,87
35,89,35,89
43,88,35,88
51,90,55,74
68,90,69,88
73,78,75,82
75,80,75,80
75,76,78,72
59,73,61,69
70,63,76,76
80,70,72,61
74,57,80,70
88,68,85,72
83,75,89,66
90,66,89,59
89,60,88,60
90,47,92,51
85,22,85,21
86,21,85,20
80,11,83,18
68,13,73,12
65,15,65,17
64,15,65,10
71,28,66,28
59,15,72,28
68,29,62,17
58,19,63,32
47,12,52,11
37,26,37,25
37,19,46,40
45,41,50,40
43,40,38,39
45,41,42,40
36,29,30,29
30,28,36,29
40,21,31,26
38,27,31,26
27,29,24,28
11,31,24,21
13,23,12,27
12,39,13,42
24,24,12,24
18,11,22,12
19,12,26,13
25,21,31,21
53,14,31,9
53,18,53,19
54,16,54,15
37,25,43,40
41,39,42,40
37,25,47,41
53,39,47,41
47,41,38,39
55,40,48,41
57,37,43,39
55,40,53,39
57,37,55,41
61,35,55,40
60,17,64,17
71,30,69,11
79,13,83,20
80,15,84,21
84,21,81,16
90,28,81,16
90,25,90,25
88,51,92,50
90,46,89,52
77,70,85,71
86,71,82,73
78,73,84,74
71,60,68,64
70,61,65,69
67,64,64,69
63,70,67,64
71,78,62,71
63,69,61,72
60,71,71,85
71,86,76,82
55,76,61,88
50,87,52,91
36,91,36,78
36,79,35,88
33,60,37,60
33,60,34,60
55,63,54,67
54,55,54,71
53,53,54,71
56,62,53,70
51,41,56,42
44,43,47,42
48,42,57,42
45,43,56,42
52,42,36,44
38,54,37,41
37,49,38,52
36,43,34,60
40,61,33,80
39,62,19,64
35,58,36,62
33,28,29,28
37,29,22,30
37,40,43,39
42,40,54,42
71,29,60,17
71,30,70,11
80,15,74,12
81,16,78,13
81,16,76,12
87,24,86,24
86,22,84,19
87,23,89,26
72,40,72,40
90,39,72,39
89,47,89,45
90,43,90,38
90,38,91,39
90,43,88,47
90,25,84,21
90,25,89,24
85,21,83,20
81,18,79,17
83,19,78,16
86,21,90,30
84,19,81,17
72,13,73,12
76,12,80,15
65,19,76,11
65,11,64,16
64,15,69,12
72,28,67,28
64,17,72,28
71,27,61,35
56,41,47,38
37,42,39,26
38,28,34,47
34,53,37,60
20,72,34,62
20,74,31,81
34,80,20,76
27,80,20,76
20,67,20,75
25,81,24,81
28,80,32,79
27,81,19,75
19,75,21,68
20,66,21,68
19,76,19,75
20,71,20,64
37,62,33,58
37,62,34,59
54,54,37,61
47,41,53,69
38,43,42,42
56,43,38,42
55,40,54,40
49,42,56,43
60,38,54,40
61,37,72,39
72,39,70,54
67,55,77,54
68,55,74,55
77,54,70,56
65,54,90,54
90,56,89,58
89,36,90,46
89,49,89,38
92,26,89,30
90,27,85,20
84,19,80,11
65,15,65,19
65,11,65,17
64,15,65,16
71,28,66,28
58,17,64,17
72,28,71,27
56,37,57,36
60,35,55,38
60,36,54,40
55,39,37,42
39,26,36,29
26,28,36,30
32,29,22,29
11,34,12,25
13,41,12,28
25,24,24,24
22,12,13,11
22,25,25,21
31,9,51,10
51,12,53,18
59,19,53,19
37,30,37,27
37,24,36,27
37,22,37,30
39,11,43,11
32,13,29,13
31,11,44,13
31,11,34,12
32,22,31,11
11,17,11,13
13,25,15,10
23,26,10,30
9,65,18,65
15,66,16,66
17,65,11,63
36,61,35,60
37,63,36,62
33,52,35,60
37,63,33,51
35,59,34,53
35,48,11,54
12,56,12,45
11,65,15,65
12,59,10,65
11,65,10,65
17,65,35,60
35,57,34,55
21,74,20,70
21,73,21,76
24,81,29,81
28,81,20,76
20,68,20,76
13,73,28,87
19,88,26,88
15,88,13,87
12,80,11,88
12,89,13,76
12,89,12,90
13,78,11,75
21,75,11,75
10,75,12,81
10,75,12,74
19,75,27,78
26,79,26,79
28,78,34,79
25,82,33,82
33,83,33,80
55,78,54,65
54,64,56,71
54,63,56,70
55,67,53,77
55,56,56,63
47,41,56,42
41,43,43,42
63,36,61,37
64,34,73,44
62,35,71,45
69,27,67,31
83,18,86,21
84,19,89,26
86,21,80,16
90,28,84,19
80,16,83,18
86,22,87,24
79,15,65,17
66,13,78,13
67,12,78,13
78,13,81,19
64,16,66,13
69,12,76,11
66,29,65,13
66,13,59,16
64,17,60,35
51,18,55,17
52,18,51,18
44,13,54,17
41,13,40,13
43,11,37,24
38,13,38,13
49,12,30,13
31,21,30,22
23,22,11,18
12,22,13,25
23,26,9,30
18,65,9,65
22,64,21,64
15,66,17,65
11,63,15,66
35,57,35,60
21,74,19,69
24,80,27,81
33,80,23,80
36,81,36,81
36,81,24,78
27,80,29,79
29,79,26,79
25,80,27,80
33,60,37,61
34,60,37,61
40,41,45,42
36,42,49,43
44,42,54,39
52,58,55,55
73,45,60,38
65,34,73,46
65,34,72,46
72,45,66,33
85,19,67,31
81,17,87,23
75,13,85,20
90,27,74,13
90,26,85,20
90,25,87,23
86,21,88,24
88,23,90,25
90,29,76,43
74,38,75,40
74,44,90,46
77,70,85,70
84,72,86,71
83,74,84,74
78,73,74,77
78,56,68,64
64,70,68,63
65,68,73,59
75,58,64,70
77,57,69,62
75,56,75,56
81,71,77,56
90,60,91,59
90,54,73,44
89,41,90,54
91,46,89,38
88,54,89,38
88,30,92,31
92,26,90,29
85,21,90,25
73,12,86,21
65,15,65,19
65,11,65,17
65,16,65,16
59,15,67,28
71,27,72,28
53,17,61,17
53,17,48,12
36,20,38,28
37,20,36,20
37,27,36,21
36,23,40,40
53,39,49,40
54,39,57,38
43,40,57,38
47,41,55,39
59,36,60,35
64,31,65,30
59,18,55,17
62,18,51,18
66,18,52,18
65,17,65,16
65,16,66,18
60,34,73,12
72,29,78,13
83,19,84,20
85,21,85,21
87,24,88,25
83,18,87,24
90,24,90,27
87,23,83,18
85,20,87,23
90,25,76,44
88,52,92,50
85,71,88,68
86,71,77,70
78,73,84,74
71,60,74,57
68,63,79,56
71,60,64,70
67,65,64,70
76,56,77,56
72,59,77,57
90,56,91,59
89,65,88,65
89,47,88,45
90,56,89,47
91,68,89,62
92,67,90,68
90,68,74,58
85,71,91,67
78,70,83,74
76,71,86,71
88,70,78,73
71,77,74,58
68,64,64,69
75,57,69,62
64,69,63,70
76,58,67,64
72,60,73,61
64,68,60,70
65,66,60,70
60,70,57,77
46,88,52,88
35,78,36,86
33,78,33,78
33,78,35,79
35,79,36,86
35,88,35,78
35,88,36,87
51,90,51,89
69,88,55,74
72,82,75,82
71,87,75,80
75,80,75,80
75,76,62,69
70,63,59,72
66,65,72,61
67,64,74,57
77,57,74,56
71,60,80,72
74,57,73,58
90,56,91,59
89,49,89,49
91,57,89,47
72,45,75,43
77,42,71,42
78,41,72,41
58,39,61,36
62,35,64,34
66,33,56,42
73,41,56,42
62,35,64,34
66,33,59,38
70,31,60,37
73,29,71,28
68,32,72,29
63,34,70,28
69,28,66,32
91,31,67,31
72,40,90,35
90,34,77,43
70,40,73,40
74,40,73,45
89,55,71,54
73,54,76,57
76,57,76,56
77,43,68,54
54,55,72,40
61,39,55,41
55,74,54,69
55,66,57,73
48,89,56,74
57,88,44,88
42,87,59,87
46,88,35,86
36,77,35,77
35,88,35,89
55,73,55,69
55,67,54,66
56,89,52,89
49,88,60,88
66,87,63,71
73,80,73,76
65,68,63,69
72,81,71,60
66,65,79,71
73,57,80,72
91,59,89,64
91,56,75,43
76,41,75,39
70,54,73,55
69,54,77,41
75,56,74,43
77,57,71,54
90,57,69,53
89,61,90,58
88,64,89,48
88,64,90,56
93,67,89,68
77,70,83,74
82,73,88,70
71,60,74,77
68,63,74,57
64,70,79,56
70,61,65,68
75,56,76,56
73,59,75,56
90,60,75,56
90,56,89,47
90,56,90,49
88,44,90,55
90,49,88,45
75,58,90,55
90,55,74,57
90,68,91,67
84,74,77,70
84,74,78,73
74,57,71,60
65,69,68,64
76,58,67,64
65,67,60,71
71,79,72,78
72,79,62,70
59,73,57,76
63,68,59,72
58,89,62,89
49,88,54,88
55,56,56,77
55,54,54,54
50,41,54,41
56,42,48,41
73,42,73,57
90,46,90,50
91,51,89,60
90,56,89,45
89,58,88,61
89,42,75,40
90,37,89,37
75,40,73,46
68,30,71,27
63,37,72,27
71,28,72,28
67,31,72,28
66,32,55,42
60,56,60,37
55,55,45,42
37,41,45,42
38,54,37,40
34,60,36,43
55,72,55,68
34,77,55,77
42,89,45,89
50,88,39,88
40,88,51,88
55,87,57,88
43,87,60,87
54,89,60,87
59,87,44,87
35,84,44,87
35,80,36,90
55,76,35,88
56,74,55,69
56,74,54,67
55,69,54,69
55,76,57,57
49,41,54,41
58,42,43,43
73,41,49,41
71,45,67,32
88,24,85,20
82,18,89,25
85,20,90,31
90,26,87,22
88,23,91,28
90,30,88,39
92,50,75,38
83,71,90,52
77,70,89,69
82,73,78,73
71,60,74,58
68,64,69,62
64,69,76,58
67,64,74,59
69,62,66,65
71,78,62,71
73,84,72,79
73,79,58,75
58,73,69,86
77,81,65,88
73,85,62,87
62,88,62,87
52,91,55,76
62,73,35,83
35,88,36,79
55,78,55,74
54,65,54,64
46,89,50,89
53,88,45,88
56,88,45,88
35,89,35,85
39,88,35,88
27,80,36,80
28,79,26,79
20,70,21,69
21,69,19,76
13,72,22,66
14,71,21,71
13,87,19,89
11,76,12,85
17,89,12,83
12,83,11,76
13,88,17,89
25,86,26,84
25,87,12,89
11,88,13,76
18,88,15,74
12,74,12,90
10,75,21,75
12,74,11,75
10,75,12,74
26,82,19,75
27,79,19,75
28,78,26,78
34,79,33,82
33,80,33,83
43,89,34,88
45,88,47,88
35,88,51,88
41,88,51,88
52,87,53,87
39,88,48,88
57,76,49,88
56,88,58,77
58,77,56,89
69,87,67,87
71,85,70,87
72,84,49,86
70,87,50,86
73,82,69,89
69,89,72,84
69,89,66,88
74,78,75,82
67,90,75,82
75,80,75,80
61,69,75,76
76,76,59,73
71,63,73,61
69,64,63,68
74,61,57,74
57,76,56,73
64,67,62,69
62,69,66,66
56,73,59,73
58,89,62,89
57,76,44,87
34,79,37,85
32,78,37,86
41,89,32,79
34,87,42,88
34,87,36,89
36,89,42,88
37,89,36,89
52,89,55,75
73,82,68,91
75,82,70,88
71,87,76,81
75,80,75,80
59,73,78,72
65,67,70,63
72,61,77,75
67,64,80,70
74,58,81,71
85,73,87,70
72,77,84,74
89,67,90,66
76,73,82,78
84,73,90,66
87,71,89,68
90,49,90,47
92,31,89,24
85,21,90,25
85,20,84,19
68,13,73,12
65,15,65,19
65,16,65,17
66,28,71,28
59,15,58,17
69,28,64,30
67,30,71,27
49,38,53,40
36,29,39,26
38,28,23,29
23,28,30,30
22,22,23,22
27,22,12,37
12,25,12,23
12,34,13,21
12,48,14,65
18,65,9,65
21,64,12,64
11,63,21,64
36,61,15,66
35,60,35,57
37,63,35,60
36,62,36,62
34,62,36,58
33,41,37,42
25,29,38,29
25,29,39,30
29,28,38,41
49,40,52,39
53,39,43,40
35,39,56,39
50,40,57,37
36,41,53,39
55,40,40,39
56,38,47,40
54,41,58,35
45,41,54,41
55,40,55,41
64,17,60,17
74,12,71,30
77,12,78,13
82,19,79,14
67,12,77,12
65,14,79,14
77,12,79,14
74,11,80,16
68,28,66,12
59,17,66,29
62,33,64,30
57,36,57,36
56,37,61,34
53,39,57,36
54,40,37,42
39,26,36,29
38,28,22,29
25,28,38,29
38,31,23,29
29,28,23,29
12,38,12,26
13,41,13,24
12,27,13,23
12,43,13,44
13,31,12,43
12,41,13,51
10,65,17,65
21,64,21,64
11,63,35,57
37,63,34,56
33,52,36,62
37,63,35,60
36,62,35,63
34,39,38,42
26,29,30,28
38,29,22,30
39,30,11,30
11,34,12,26
13,23,12,36
13,24,13,40
12,40,35,41
35,38,36,42
34,55,11,55
12,60,22,66
12,62,11,58
12,62,12,62
13,29,11,58
25,29,17,11
25,13,9,12
13,11,19,12
25,21,31,21
53,14,51,10
60,36,53,18
61,35,57,38
64,19,54,38
57,37,65,19
70,26,69,27
57,35,66,31
64,32,62,32
70,27,67,17
73,11,69,11
78,13,79,14
83,19,80,15
81,16,85,22
87,24,88,26
88,25,87,24
87,24,81,17
87,23,89,28
89,28,90,25
89,28,88,32
90,24,76,44
92,50,74,38
90,46,88,68
77,70,85,71
86,71,82,73
84,74,78,73
74,57,68,63
67,65,65,69
60,70,63,70
65,66,68,63
61,71,60,71
57,73,72,79
76,75,57,75
72,85,72,79
75,82,76,82
69,87,77,80
71,86,73,85
55,76,68,89
62,73,52,91
36,91,35,88
27,79,36,79
39,61,38,61
39,62,36,60
35,62,20,70
33,40,34,28
38,29,30,28
22,30,39,30
24,30,39,30
37,30,23,29
11,31,24,28
12,27,11,35
13,42,13,23
14,11,24,22
19,11,10,12
19,12,12,13
31,21,25,21
31,9,53,14
51,12,53,19
36,29,37,25
30,31,36,30
36,30,30,31
48,12,36,12
34,13,32,13
51,11,49,13
52,11,51,11
53,17,52,12
51,12,59,19
66,31,66,18
69,26,59,36
68,28,70,25
55,38,61,35
49,39,58,37
53,40,37,42
39,26,36,29
11,48,11,44
13,55,12,52
12,52,12,40
25,29,9,31
22,12,10,12
13,11,25,13
26,22,23,24
25,21,31,21
53,18,51,10
66,19,53,19
68,30,61,33
72,29,66,29
76,12,71,30
79,14,72,11
81,17,78,13
82,20,80,16
79,15,80,17
79,15,77,12
81,20,68,12
73,11,74,11
65,12,66,12
65,16,67,11
71,28,67,28
72,28,58,17
51,39,71,27
36,29,47,39
23,29,40,25
26,28,36,30
29,28,24,29
11,32,12,27
13,23,13,39
13,21,12,35
11,31,12,36
13,51,17,65
21,64,10,65
17,65,12,65
35,57,15,66
37,63,35,60
35,60,36,62
35,59,36,62
11,50,36,58
12,43,12,41
11,53,12,57
10,30,25,28
18,11,13,11
22,12,13,11
31,9,19,12
38,22,31,21
53,18,53,14
54,16,54,15
37,31,37,31
37,30,37,31
36,25,37,21
38,20,36,25
37,28,40,40
43,40,48,40
53,39,37,39
43,41,39,24
38,22,29,30
11,47,34,42
12,52,12,53
16,64,20,66
14,63,13,63
16,64,35,60
35,63,35,55
34,51,36,57
33,48,35,63
35,62,34,62
36,56,35,59
34,41,34,28
25,29,38,29
22,30,39,30
12,38,39,30
13,41,13,22
17,11,11,34
22,12,9,12
25,21,24,23
31,9,51,10
53,18,51,12
59,19,53,19
64,33,61,35
61,35,67,29
66,30,69,27
61,35,68,27
66,30,55,38
61,35,50,39
51,39,59,37
39,26,37,42
37,30,22,30
35,30,22,30
11,34,11,30
12,39,13,23
13,25,13,40
13,51,9,50
21,64,10,65
12,65,17,65
35,59,15,66
35,63,35,59
35,63,33,59
35,50,33,38
34,42,33,38
34,54,35,41
33,39,34,43
37,29,28,28
22,30,39,30
27,29,33,28
39,30,11,30
11,35,12,26
14,23,13,23
13,24,13,41
11,47,13,53
12,44,12,56
12,55,12,56
9,65,18,65
15,66,21,64
36,61,34,53
37,63,35,60
34,56,37,62
35,62,37,62
34,28,29,28
38,29,25,29
39,30,36,29
45,39,42,39
49,39,40,40
54,42,55,39
61,35,70,29
60,17,64,17
74,12,69,11
83,20,81,17
78,13,81,16
84,21,76,12
84,20,82,17
86,23,85,21
86,23,87,24
89,28,85,21
90,24,90,24
90,24,86,21
90,25,89,33
90,29,74,38
88,52,92,50
85,71,74,44
77,70,89,69
88,70,83,74
71,77,74,77
78,56,68,64
69,62,76,58
68,63,66,65
60,71,64,68
63,69,58,75
56,74,57,77
57,76,60,71
54,88,51,88
54,69,55,70
54,67,58,57
54,41,50,41
58,42,47,42
36,47,58,43
37,56,37,43
40,40,37,49
37,49,36,43
38,81,34,80
24,79,25,79
25,80,24,79
19,76,31,81
12,75,23,66
21,71,14,72
21,73,19,89
12,85,13,87
21,73,11,76
17,89,13,87
17,74,12,74
13,87,17,89
17,89,25,88
25,89,22,88
25,89,25,78
26,79,26,88
16,88,26,79
16,88,11,88
12,89,12,81
18,73,12,81
12,74,10,75
11,75,21,75
12,74,10,75
10,75,19,75
26,79,27,78
34,79,26,79
33,81,28,81
33,83,33,80
55,74,55,74
54,64,53,61
54,63,53,62
51,89,56,89
48,88,60,88
63,87,50,88
71,86,66,88
72,76,69,89
70,88,75,82
76,81,75,80
62,69,79,72
59,72,76,76
71,63,70,63
71,62,73,61
65,66,70,63
74,61,65,66
72,60,60,73
60,73,61,71
57,74,59,73
56,75,57,74
73,84,71,86
63,88,74,84
70,87,57,74
72,86,55,87
57,88,55,87
70,87,55,87
74,81,73,83
75,80,72,85
75,82,70,88
75,80,76,81
78,72,61,69
59,73,80,76
70,63,79,73
80,71,61,70
71,63,72,62
71,61,60,73
61,71,63,68
70,60,73,62
65,66,69,60
80,70,66,65
67,64,70,60
80,72,74,56
90,54,89,64
90,52,88,58
91,50,88,41
89,42,89,55
75,57,91,49
74,55,73,53
73,52,76,58
75,56,76,58
89,57,73,53
87,69,85,71
91,67,89,65
81,73,84,74
83,74,84,74
71,60,74,77
68,64,74,58
70,61,74,59
67,64,72,60
64,68,65,67
73,77,60,73
69,87,73,84
70,86,67,88
61,87,77,81
68,88,69,88
66,88,62,87
55,76,68,89
35,83,62,73
35,88,36,78
36,60,35,61
38,59,34,62
36,61,34,61
45,41,40,41
48,42,36,42
47,42,36,42
52,57,55,56
61,37,63,36
73,41,63,36
68,27,72,47
86,21,71,45
81,17,85,20
86,21,79,16
84,19,90,27
90,32,87,22
90,25,88,37
89,33,90,25
92,50,76,44
90,46,84,71
80,72,77,70
88,70,84,74
78,73,83,74
68,63,71,60
71,60,67,65
68,63,75,58
71,78,64,69
73,77,70,61
64,68,71,78
72,78,59,74
75,83,69,86
62,88,60,87
71,87,61,87
50,87,55,76
35,83,52,91
36,91,36,78
55,73,55,77
55,69,53,64
54,65,56,74
49,89,53,89
42,87,60,87
60,70,63,70
73,77,72,80
64,67,72,61
68,60,73,57
77,75,78,74
74,58,74,57
90,60,75,56
89,45,89,47
88,44,90,49
89,48,88,45
88,30,90,52
84,22,89,25
86,21,85,21
85,20,73,12
65,19,65,15
65,11,65,16
65,17,64,15
64,17,59,15
72,29,71,29
66,29,71,29
68,28,82,17
84,19,88,24
89,27,86,22
